<?xml version="1.0" encoding="UTF-8"?>
<beans xmlns="http://www.springframework.org/schema/beans"
    xmlns:xsi="http://www.w3.org/2001/XMLSchema-instance"
    xmlns:aop="http://www.springframework.org/schema/aop"
    xmlns:tx="http://www.springframework.org/schema/tx"
    xmlns:context="http://www.springframework.org/schema/context"
    xsi:schemaLocation="http://www.springframework.org/schema/beans http://www.springframework.org/schema/beans/spring-beans.xsd
        http://www.springframework.org/schema/context http://www.springframework.org/schema/context/spring-context.xsd
        http://www.springframework.org/schema/aop http://www.springframework.org/schema/aop/spring-aop.xsd
        http://www.springframework.org/schema/tx http://www.springframework.org/schema/tx/spring-tx.xsd">

    <context:component-scan base-package="com.navercorp.pinpoint.web.alarm" />
    
	<bean id="mailSender" class="org.springframework.mail.javamail.JavaMailSenderImpl">
		<property name="host" value="smtp.gmail.com" />
		<property name="port" value="587" />
		<property name="username" value="UserName" />
		<property name="password" value="PassWord" />

		<property name="javaMailProperties">
			<props>
				<!-- <prop key="mail.transport.protocol">smtp</prop> -->
				<!-- <prop key="mail.smtp.port">25</prop> -->
				<!-- <prop key="mail.smtp.auth">true</prop> -->
				<!-- <prop key="mail.smtp.starttls.enable">true</prop> -->
				<!-- <prop key="mail.smtp.starttls.required">true</prop> -->
				<!-- <prop key="mail.smtp.from">abc@example.com</prop> -->
				<!-- <prop key="mail.debug">true</prop> -->
			</props>
		</property>
	</bean>

	<bean id="alarmMessageSender" class="com.navercorp.pinpoint.web.alarm.AlarmMessageSenderImple">
		<property name="mailSender" ref="mailSender" />
	</bean>

</beans>
